<?xml version="1.0" encoding="utf-8" standalone="yes"?>
<channel>
	<id>animestream</id>
	<name>Animestream</name>

	<active>true</active>
	<adult>false</adult>
	<language>it</language>

	<fanart></fanart>
	<thumbnail>http://i.imgur.com/83bw6iB.jpg</thumbnail>
	<bannermenu>http://i.imgur.com/83bw6iB.jpg</bannermenu>

	<update_url>https://raw.githubusercontent.com/streamondemand/plugin.video.streamondemand/master/channels/</update_url>
	<version>1</version>
	<date>16/06/2016</date>
	<changes>update</changes>

	<categories>
		<category>anime</category>

	</categories>

	<settings>
		<include_in_global_search>true</include_in_global_search>
	</settings>
</channel>
