{
    "channel": {
        "id": "cb01anime",
        "name": "Cb01anime",
        "active": true,
        "adult": false,
        "category": [
                     "anime"
                    ],
        "language": "it",
        "thumbnail": "http://i.imgur.com/bHoUMo2.png",
        "fanart": "",
        "bannermenu": "http://i.imgur.com/bHoUMo2.png",
        "update_url": "https://raw.githubusercontent.com/streamondemand/plugin.video.streamondemand/master/channels/cineblog01.xml",
        "version": "5",
        "changes": "fix url",
        "date": "30/07/2016"
   },
   "settings": {
        "include_in_global_search": true
   }
}
