{
    "channel": {
        "id": "filmissimi",
        "name": "Filmissimi",
        "active": true,
        "adult": false,
        "category": [
                     "movie",
                     "vos"
                    ],
        "language": "it",
        "thumbnail": "http://www.filmissimi.net/wp-content/uploads/2015/10/Logo3.png",
        "fanart": "",
        "bannermenu": "http://www.filmissimi.net/wp-content/uploads/2015/10/Logo3.png",
        "update_url": "https://raw.githubusercontent.com/streamondemand/plugin.video.streamondemand/master/channels/filmissimi.xml",
        "version": "1",
        "changes": "update",
        "date": "27/06/2016"
   },
   "settings": {
        "include_in_global_search": true
   }
}
