{
    "channel": {
        "id": "filmpertutti",
        "name": "Filmpertutti",
        "active": true,
        "adult": false,
        "category": [
                     "movie",
                     "top channels",
                     "serie",
                     "anime"
                    ],
        "language": "it",
        "thumbnail": "https://raw.githubusercontent.com/Zanzibar82/images/master/posters/filmpertutti.png",
        "fanart": "",
        "bannermenu": "https://raw.githubusercontent.com/Zanzibar82/images/master/posters/filmpertutti.png",
        "update_url": "https://raw.githubusercontent.com/streamondemand/plugin.video.streamondemand/master/channels/filmpertutti.xml",
        "version": "1",
        "changes": "update",
        "date": "26/06/2016"
   },
   "settings": {
        "include_in_global_search": true
   }
}
