{
    "channel": {
        "id": "hdgratis",
        "name": "HdGratis",
        "active": true,
        "adult": false,
        "category": [
                     "movie",
                     "vos"
                    ],
        "language": "it",
        "thumbnail": "http://i.imgur.com/4mt0Df1.png",
        "fanart": "",
        "bannermenu": "http://i.imgur.com/4mt0Df1.png",
        "update_url": "https://raw.githubusercontent.com/streamondemand/plugin.video.streamondemand/master/channels/hdgratis.xml",
        "version": "6",
        "changes": "fix host",
        "date": "11/09/2016"
   },
   "settings": {
        "include_in_global_search": true
   }
}
