{
    "channel": {
        "id": "hokutonoken",
        "name": "Hokuto no Ken",
        "active": true,
        "adult": false,
        "category": [
                     "saghe",
                     "anime"
                    ],
        "language": "it",
        "thumbnail": "http://i.imgur.com/dn9ImTf.jpg",
        "fanart": "",
        "bannermenu": "http://i.imgur.com/dn9ImTf.jpg",
        "update_url": "https://raw.githubusercontent.com/streamondemand/plugin.video.streamondemand/master/channels/hokutonoken.xml",
        "version": "1",
        "changes": "update",
        "date": "26/06/2016"
   },
   "settings": {
        "include_in_global_search": true
   }
}
