{
    "channel": {
        "id": "animeinstreaming",
        "name": "AnimeInStreaming",
        "active": true,
        "adult": false,
        "category": [
                     "anime"
                    ],
        "language": "it",
        "thumbnail": "http://animeinstreaming.net/wp-content/uploads/2015/09/logo3.png",
        "fanart": "",
        "bannermenu": "http://animeinstreaming.net/wp-content/uploads/2015/09/logo3.png",
        "update_url": "https://raw.githubusercontent.com/streamondemand/plugin.video.streamondemand/master/channels/animeinstreaming.xml",
        "version": "1",
        "changes": "update",
        "date": "13/08/2016"
   },
   "settings": {
        "include_in_global_search": true
   }
}