
<?xml version="1.0" encoding="utf-8" standalone="yes"?>
<channel>
	<id>corsaronero</id>
	<name>Corsaro Nero</name>

	<active>true</active>
	<adult>false</adult>
	<language>it</language>

	<fanart></fanart>
	<thumbnail>http://s.ilcorsaronero.info/images/h_logo.gif</thumbnail>
	<bannermenu>http://s.ilcorsaronero.info/images/h_logo.gif</bannermenu>

	<update_url>https://raw.githubusercontent.com/streamondemand/plugin.video.streamondemand/master/channels/</update_url>
	<version>4</version>
	<date>22/06/2016</date>
	<changes>update</changes>

	<categories>
		<category>torrent</category>
	</categories>

	<settings>
		<include_in_global_search>true</include_in_global_search>
	</settings>
</channel>
