{
    "channel": {
        "id": "leserietv",
        "name": "LeserieTv",
        "active": true,
        "adult": false,
        "category": [
            "serie",
            "top channels"
        ],
        "language": "it",
        "thumbnail": "http://www.leserie.tv/templates/LeserieTv/images/logo.png",
        "fanart": "",
        "bannermenu": "http://www.leserie.tv/templates/LeserieTv/images/logo.png",
        "update_url": "https://raw.githubusercontent.com/plugin.video.streamondemand/channels/leserietv.xml",
        "version": "7",
        "changes": "link video",
        "date": "04/08/2016"
   },
   "settings": {
        "include_in_global_search": true
   }
}
