{
    "channel": {
        "id": "portalehd",
        "name": "PortaleHD",
        "active": true,
        "adult": false,
        "category": [
                     "movie",
                    ],
        "language": "it",
        "thumbnail": "https://raw.githubusercontent.com/Zanzibar82/images/master/posters/portalehd.png",
        "fanart": "",
        "bannermenu": "https://raw.githubusercontent.com/Zanzibar82/images/master/posters/portalehd.png",
        "update_url": "https://raw.githubusercontent.com/streamondemand/plugin.video.streamondemand/master/channels/portalehd.xml",
        "version": "3",
        "changes": "update",
        "date": "27/08/2016"
   },
   "settings": {
        "include_in_global_search": false
   }
}
