{
    "channel": {
        "id": "programmazione",
        "name": "Programmazione",
        "active": true,
        "adult": false,
        "category": [
                     "documentary"
                    ],
        "language": "it",
        "thumbnail": "http://www.smartworld.it/wp-content/uploads/2015/02/codice-code-programmazione-fhd-720x480.png",
        "fanart": "",
        "bannermenu": "http://www.smartworld.it/wp-content/uploads/2015/02/codice-code-programmazione-fhd-720x480.png",
        "update_url": "https://raw.githubusercontent.com/streamondemand/plugin.video.streamondemand/master/channels/programmazione.xml",
        "version": "1",
        "changes": "update",
        "date": "26/06/2016"
   },
   "settings": {
        "include_in_global_search": true
   }
}