
<?xml version="1.0" encoding="utf-8" standalone="yes"?>
<channel>
	<id>seriehd</id>
	<name>Serie HD</name>

	<active>true</active>
	<adult>false</adult>
	<language>it</language>

	<fanart></fanart>
	<thumbnail>https://raw.githubusercontent.com/Zanzibar82/images/master/posters/seriehd.png</thumbnail>
	<bannermenu>https://raw.githubusercontent.com/Zanzibar82/images/master/posters/seriehd.png</bannermenu>

	<update_url>https://raw.githubusercontent.com/streamondemand/plugin.video.streamondemand/master/channels/</update_url>
	<version>2</version>
	<date>22/06/2016</date>
	<changes>update</changes>

	<categories>
		<category>serie</category>
	</categories>

	<settings>
		<include_in_global_search>true</include_in_global_search>
	</settings>
</channel>
