{
    "channel": {
        "id": "southparkita",
        "name": "SoutparkITA Streaming",
        "active": true,
        "adult": false,
        "category": [
                     "serie"
                    ],
        "language": "it",
        "thumbnail": "http://southparkita.altervista.org/wp-content/media/south-park500.png",
        "fanart": "",
        "bannermenu": "http://southparkita.altervista.org/wp-content/media/south-park500.png",
        "update_url": "https://raw.githubusercontent.com/streamondemand/plugin.video.streamondemand/master/channels/southparkita.xml",
        "version": "1",
        "changes": "update",
        "date": "26/06/2016"
   },
   "settings": {
        "include_in_global_search": true
   }
}