<?xml version="1.0" encoding="utf-8" standalone="yes"?>
<channel>
	<id>altadefinizioneone</id>
	<name>AltadefinizioneOne</name>

	<active>true</active>
	<adult>false</adult>
	<language>it</language>

	<fanart></fanart>
	<thumbnail>http://www.altadefinizione.blog/templates/altadefinizione/images/logo.png</thumbnail>
	<bannermenu>http://www.altadefinizione.blog/templates/altadefinizione/images/logo.png</bannermenu>

	<update_url>https://raw.githubusercontent.com/streamondemand/plugin.video.streamondemand/master/channels/</update_url>
	<version>4</version>
	<date>15/03/2017</date>
	<changes>fix thumbnail</changes>

	<categories>
		<category>movie</category>

	</categories>

	<settings>
		<id>include_in_global_search</id>
		<type>bool</type>
		<label>Includi ricerca globale</label>
		<default>true</default>
		<enabled>true</enabled>
		<visible>true</visible>
	</settings>
</channel>
