<?xml version="1.0" encoding="utf-8" standalone="yes"?>
<channel>
    <id>scambiofile</id>
    <name>Scambiofile</name>

    <active>true</active>
    <adult>false</adult>
    <language>it</language>

    <fanart></fanart>
    <thumbnail>http://scambiofile.info/themes/default/images/logo.png</thumbnail>
    <bannermenu>http://scambiofile.info/themes/default/images/logo.png</bannermenu>

    <update_url>https://raw.githubusercontent.com/streamondemand/plugin.video.streamondemand/master/channels/</update_url>
    <version>1</version>
    <date>6/11/2016</date>
    <changes>fix host</changes>

    <categories>
        <category>torrent</category>
    </categories>

    <settings>
        <id>include_in_global_search</id>
        <type>bool</type>
        <label>Includi ricerca globale</label>
        <default>true</default>
        <enabled>true</enabled>
        <visible>true</visible>
    </settings>
</channel>
