<?xml version="1.0" encoding="utf-8" standalone="yes"?>
<channel>
	<id>searchchannel</id>
	<name>Cerca canale</name>

	<active>false</active>
	<adult>false</adult>
	<language>it</language>
	<include_in_global_search>disabled</include_in_global_search>
	
	<fanart></fanart>
	<thumbnail>http://dc467.4shared.com/img/fEbJqOum/s7/13feaf0c8c0/Search</thumbnail>
	<bannermenu>http://dc467.4shared.com/img/fEbJqOum/s7/13feaf0c8c0/Search</bannermenu>

	<update_url>https://raw.githubusercontent.com/plugin.video.streamondemand/channels/</update_url>
	<version>1</version>
	<date>25/03/2017</date>
	<changes>New Script</changes>

	<categories>
		<category>all</category>
	</categories>
</channel>
