<?xml version="1.0" encoding="utf-8" standalone="yes"?>
<channel>
    <id>toonitalia</id>
    <name>Toonitalia</name>

    <active>false</active>
    <adult>false</adult>
    <language>it</language>

    <fanart></fanart>
    <thumbnail>http://i.imgur.com/a8Vwz1V.png</thumbnail>
    <bannermenu>http://i.imgur.com/a8Vwz1V.png</bannermenu>

    <update_url>https://raw.githubusercontent.com/streamondemand/plugin.video.streamondemand/master/channels/</update_url>
    <version>3</version>
    <date>22/06/2016</date>
    <changes>update</changes>

    <categories>
        <category>serie</category>
        <category>anime</category>
    </categories>

    <settings>
        <id>include_in_global_search</id>
        <type>bool</type>
        <label>Includi ricerca globale</label>
		<default>false</default>
		<enabled>false</enabled>
		<visible>false</visible>
    </settings>
</channel>
